{
    "root_group": {
        "name": "",
        "path": "",
        "id": "d41d8cd98f00b204e9800998ecf8427e",
        "groups": {},
        "checks": {
                "status is 200/409/429": {
                    "name": "status is 200/409/429",
                    "path": "::status is 200/409/429",
                    "id": "95fff6d2c442904127cd630e0a9e3c25",
                    "passes": 3472,
                    "fails": 0
                }
            }
    },
    "metrics": {
        "http_reqs": {
            "count": 3472,
            "rate": 256.8923142270139
        },
        "http_req_duration{expected_response:true}": {
            "p(95)": 5530.90893,
            "avg": 3589.519867692309,
            "min": 756.713175,
            "med": 3603.476737,
            "max": 7636.178513,
            "p(90)": 5123.773177
        },
        "http_req_connecting": {
            "max": 117.18648,
            "p(90)": 53.18254100000002,
            "p(95)": 69.50575029999997,
            "avg": 13.446544822292614,
            "min": 0,
            "med": 0
        },
        "checks": {
            "passes": 3472,
            "fails": 0,
            "value": 1
        },
        "data_sent": {
            "count": 1305472,
            "rate": 96591.51014935723
        },
        "http_req_duration": {
            "avg": 3402.2519397384763,
            "min": 27.647879,
            "med": 3306.1353179999996,
            "max": 8660.674249,
            "p(90)": 4897.712682200001,
            "p(95)": 5394.946118100001,
            "thresholds": {
                "p(95)<2000": true
            }
        },
        "vus": {
            "value": 275,
            "min": 275,
            "max": 1000
        },
        "http_req_failed": {
            "passes": 3381,
            "fails": 91,
            "thresholds": {
                "rate<0.05": true
            },
            "value": 0.9737903225806451
        },
        "http_req_receiving": {
            "med": 0.8638455,
            "max": 798.078808,
            "p(90)": 58.8747946,
            "p(95)": 98.0094003,
            "avg": 15.956834868087533,
            "min": 0.017402
        },
        "http_req_blocked": {
            "avg": 13.847000764976974,
            "min": 0.001517,
            "med": 0.0038145,
            "max": 123.944548,
            "p(90)": 54.493921099999994,
            "p(95)": 70.97012684999999
        },
        "iterations": {
            "count": 3472,
            "rate": 256.8923142270139
        },
        "vus_max": {
            "value": 1000,
            "min": 1000,
            "max": 1000
        },
        "iteration_duration": {
            "p(95)": 5442.04866245,
            "avg": 3427.8662636005224,
            "min": 38.320767,
            "med": 3320.7799835,
            "max": 8727.093517,
            "p(90)": 4942.4468217
        },
        "order_busy": {
            "count": 3381,
            "rate": 250.15924953961235
        },
        "http_req_waiting": {
            "avg": 3384.517782183181,
            "min": 27.421454,
            "med": 3301.70674,
            "max": 8655.007366,
            "p(90)": 4893.9954289,
            "p(95)": 5392.71209995
        },
        "http_req_sending": {
            "avg": 1.7773226872119816,
            "min": 0.008121,
            "med": 0.0198145,
            "max": 97.487659,
            "p(90)": 6.490301100000001,
            "p(95)": 9.596164700000001
        },
        "order_ok": {
            "count": 91,
            "rate": 6.7330646874015745
        },
        "http_req_tls_handshaking": {
            "min": 0,
            "med": 0,
            "max": 0,
            "p(90)": 0,
            "p(95)": 0,
            "avg": 0
        },
        "data_received": {
            "count": 1596010,
            "rate": 118088.33595318448
        }
    }
}